,Title,Metascore,Meta User Score,Metacritic Rank,Year
0,Citizen Kane,10.0,8.5,1,1941
1,The Godfather,10.0,9.2,2,1972
2,Rear Window,10.0,8.8,3,1954
3,Casablanca,10.0,9.0,4,1943
4,Boyhood,10.0,7.6,5,2014
5,Three Colors: Red,10.0,8.7,6,1994
6,Vertigo,10.0,8.8,7,1958
7,Notorious,10.0,7.9,8,1946
8,Singin' in the Rain,9.9,8.8,9,1952
9,City Lights,9.9,8.9,10,1931
10,Moonlight,9.9,7.2,11,2016
11,Intolerance,9.9,8.8,12,1916
12,Pinocchio,9.9,8.1,13,1940
13,Touch of Evil,9.9,8.4,14,1958
14,The Treasure of the Sierra Madre,9.8,8.5,15,1948
15,Pan's Labyrinth,9.8,8.7,16,2006
16,Some Like It Hot,9.8,8.3,17,1959
17,North by Northwest,9.8,8.2,18,1959
18,Rashomon,9.8,8.8,19,1951
19,All About Eve,9.8,8.7,20,1950
20,Hoop Dreams,9.8,8.0,21,1994
21,The Wild Bunch,9.7,7.5,22,1969
22,My Left Foot,9.7,8.5,23,1990
23,The Third Man,9.7,8.4,24,1949
24,Dr. Strangelove or: How I Learned to Stop Worrying and Love the Bomb,9.7,8.3,25,1964
25,Gone with the Wind,9.7,8.4,26,1940
26,"4 Months, 3 Weeks and 2 Days",9.7,7.9,27,2008
27,Psycho,9.7,9.1,28,1960
28,A Streetcar Named Desire,9.7,8.6,29,1951
29,American Graffiti,9.7,7.8,30,1973
30,Dumbo,9.6,8.1,31,1941
31,Roma,9.6,7.9,32,2018
32,Killer of Sheep,9.6,6.9,33,2007
33,Ran,9.6,8.4,34,1985
35,12 Angry Men,9.6,9.3,36,1957
36,Manchester by the Sea,9.6,8.2,37,2016
37,Rosemary's Baby,9.6,8.2,38,1968
38,The Maltese Falcon,9.6,8.1,39,1941
39,12 Years a Slave,9.6,8.0,40,2013
40,Nashville,9.6,8.6,41,1975
41,Ratatouille,9.6,8.6,42,2007
42,Parasite,9.6,8.9,43,2019
43,The Grapes of Wrath,9.6,8.9,44,1940
44,Children of Paradise (1945),9.6,9.0,45,2012
45,Mean Streets,9.6,7.8,46,1973
47,Gravity,9.6,7.8,48,2013
48,Fantasia,9.6,8.4,49,1940
49,Spirited Away,9.6,9.0,50,2002
50,Beauty and the Beast,9.5,8.6,51,1991
51,Toy Story,9.5,9.0,52,1995
53,The Social Network,9.5,8.2,54,2010
54,My Fair Lady,9.5,8.7,55,1964
55,I Am Not Your Negro,9.5,5.3,56,2016
57,Double Indemnity,9.5,8.5,58,1944
58,Portrait of a Lady on Fire,9.5,8.6,59,2019
59,Snow White and the Seven Dwarfs,9.5,8.3,60,1938
60,The Hurt Locker,9.5,7.3,61,2009
61,Anatomy of a Murder,9.5,8.3,62,1959
62,Zero Dark Thirty,9.5,6.9,63,2012
63,A Separation,9.5,8.9,64,2011
64,WALL-E,9.5,8.9,65,2008
65,Carol,9.399999999999999,7.9,66,2015
66,Before Midnight,9.399999999999999,8.3,67,2013
67,Dunkirk,9.399999999999999,8.3,68,2017
68,Amour,9.399999999999999,8.1,69,2012
69,The Man Who Shot Liberty Valance,9.399999999999999,8.5,70,1962
70,The Searchers,9.399999999999999,7.5,71,1956
71,45 Years,9.399999999999999,7.4,72,2015
72,Taxi Driver,9.399999999999999,7.4,73,1976
73,Pulp Fiction,9.399999999999999,9.1,74,1994
74,The Manchurian Candidate,9.399999999999999,8.2,75,1962
75,Mr. Turner,9.399999999999999,6.9,76,2014
76,The Irishman,9.399999999999999,8.1,77,2019
77,Grave of the Fireflies (1988),9.399999999999999,9.6,78,1989
79,Amazing Grace,9.399999999999999,8.0,80,2018
80,Shadow of a Doubt,9.399999999999999,8.5,81,1943
81,Inside Out,9.399999999999999,8.7,82,2015
82,Sideways,9.399999999999999,7.1,83,2004
83,Schindler's List,9.399999999999999,8.8,84,1993
84,The Apartment,9.399999999999999,8.9,85,1960
85,Apocalypse Now,9.399999999999999,8.8,86,1979
86,The Gunfighter,9.399999999999999,7.8,87,1950
87,We Were Here,9.399999999999999,6.9,88,2011
88,Lady Bird,9.399999999999999,7.6,89,2017
89,The Lord of the Rings: The Return of the King,9.399999999999999,9.1,90,2003
90,Carlos,9.399999999999999,7.9,91,2010
91,Marriage Story,9.399999999999999,8.2,92,2019
92,La La Land,9.399999999999999,8.4,93,2016
93,Faces Places,9.399999999999999,6.9,94,2017
94,"Crouching Tiger, Hidden Dragon",9.399999999999999,8.1,95,2000
95,The Servant,9.3,8.0,96,1964
96,Call Me by Your Name,9.3,8.0,97,2017
97,The Magnificent Ambersons,9.3,8.5,98,1942
98,Reversal of Fortune,9.3,8.1,99,1990
99,Shoplifters,9.3,8.5,100,2018
101,Duck Soup,9.3,8.8,102,1933
102,Days of Heaven,9.3,8.6,103,1978
103,Toni Erdmann,9.3,7.1,104,2016
104,Yi Yi,9.3,8.4,105,2000
106,The Best Years of Our Lives,9.3,8.4,107,1946
107,Stagecoach,9.3,8.5,108,1939
108,Inside Llewyn Davis,9.3,7.8,109,2013
109,Sherpa,9.3,7.6,110,2015
110,There Will Be Blood,9.3,8.1,111,2007
111,Badlands,9.3,8.6,112,1973
112,The Last Picture Show,9.3,8.3,113,1971
113,Sita Sings the Blues,9.3,7.2,114,2009
115,Brother's Keeper,9.3,7.2,116,1992
116,Crumb,9.3,8.4,117,1995
117,Spotlight,9.3,8.1,118,2015
119,One More Time with Feeling,9.2,8.7,120,2016
120,The Diving Bell and the Butterfly,9.2,8.3,121,2007
121,Invasion of the Body Snatchers,9.2,8.1,122,1956
122,The Class,9.2,7.4,123,2008
123,Platoon,9.2,8.0,124,1987
124,35 Shots of Rum,9.2,6.3,125,2009
125,Apocalypse Now: Final Cut,9.2,8.4,126,2019
126,Chinatown,9.2,8.9,127,1974
127,The Florida Project,9.2,7.4,128,2017
128,Timbuktu,9.2,7.3,129,2015
129,Cool Hand Luke,9.2,8.9,130,1967
130,Little Women,9.2,5.3,131,1933
131,Maborosi,9.2,9.0,132,1997
132,Apocalypse Now Redux,9.2,9.0,133,2001
133,Annie Hall,9.2,6.2,134,1977
134,The Lord of the Rings: The Fellowship of the Ring,9.2,9.1,135,2001
135,Quiz Show,9.2,8.5,136,1994
136,Leviathan,9.2,7.3,137,2014
137,Werckmeister Harmonies,9.2,7.9,138,2001
138,Toy Story 3,9.2,8.9,139,2010
139,This Is Spinal Tap,9.2,8.2,140,1984
140,Do the Right Thing,9.2,8.3,141,1989
141,The Look of Silence,9.2,8.3,142,2015
142,Tower,9.2,8.0,143,2016
143,The Rider,9.2,7.6,144,2018
144,Moolaadé,9.1,8.0,145,2004
145,Atanarjuat: The Fast Runner,9.1,8.4,146,2002
147,The Man Who Would Be King,9.1,6.8,148,1975
149,Breaking Away,9.1,8.8,150,1979
150,Never Rarely Sometimes Always,9.1,2.6,151,2020
151,The Souvenir,9.1,6.7,152,2019
152,After Life,9.1,5.6,153,1999
154,Frankenstein,9.1,8.5,155,1931
155,Frenzy,9.1,7.1,156,1972
156,Little Women,9.1,7.5,157,2019
157,E.T. The Extra-Terrestrial,9.1,8.3,158,1982
158,The African Queen,9.1,7.8,159,1952
159,The Triplets of Belleville,9.1,7.8,160,2003
160,The Queen,9.1,6.7,161,2006
161,All Quiet on the Western Front,9.1,8.7,162,1930
163,Son of Saul,9.1,7.3,164,2015
164,The Ladykillers,9.1,7.5,165,1956
165,Young Mr. Lincoln,9.1,8.5,166,1939
166,Stories We Tell,9.1,8.3,167,2013
168,The Act of Killing,9.1,8.5,169,2013
169,On the Waterfront,9.1,8.7,170,1954
170,Jafar Panahi's Taxi,9.1,7.0,171,2015
171,Ida,9.1,7.5,172,2014
172,Beau Travail,9.1,8.2,173,2000
173,Waltz with Bashir,9.1,8.2,174,2008
174,They Shall Not Grow Old,9.1,8.6,175,2018
175,EX LIBRIS: The New York Public Library,9.1,8.0,176,2017
176,Secrets & Lies,9.1,8.2,177,1996
177,Patton,9.1,8.4,178,1970
178,The Favourite,9.1,7.7,179,2018
179,The Sweet Hereafter,9.1,8.1,180,1997
180,The Right Stuff,9.1,8.4,181,1983
181,Bambi,9.1,8.2,182,1942
182,Bringing Up Baby,9.1,7.5,183,1938
183,No Country for Old Men,9.1,7.8,184,2007
184,The Gatekeepers,9.1,6.7,185,2013
185,Nostalgia for the Light,9.1,8.0,186,2011
186,Saving Private Ryan,9.1,8.9,187,1998
187,After Hours,9.0,7.9,188,1985
188,The Crying Game,9.0,7.7,189,1992
190,Burning,9.0,7.7,191,2018
191,Uncut Gems,9.0,7.1,192,2019
192,Winter's Bone,9.0,7.3,193,2010
193,Gett: The Trial of Viviane Amsalem,9.0,7.6,194,2015
194,I Called Him Morgan,9.0,7.1,195,2017
195,Close Encounters of the Third Kind,9.0,7.8,196,1977
196,The Godfather: Part II,9.0,9.0,197,1974
197,The Hustler,9.0,8.9,198,1961
198,L.A. Confidential,9.0,8.9,199,1997
199,Bloody Sunday,9.0,8.5,200,2002
200,My Voyage to Italy,9.0,7.1,201,2001
201,Phantom Thread,9.0,7.7,202,2017
202,Her,9.0,8.6,203,2013
203,Paths of the Soul,9.0,5.3,204,2016
204,It's Such a Beautiful Day,9.0,8.8,205,2012
205,My Perestroika,9.0,7.3,206,2011
206,This Is Not a Film,9.0,6.3,207,2012
207,The Birds,9.0,8.2,208,1963
208,Finding Nemo,9.0,8.7,209,2003
209,Topsy-Turvy,9.0,8.0,210,1999
211,King Kong,9.0,8.4,212,1933
212,The Incredibles,9.0,8.8,213,2004
213,Before Sunset,9.0,8.6,214,2004
214,Being John Malkovich,9.0,8.9,215,1999
215,A Prophet,9.0,8.6,216,2010
216,Hard to Be a God,9.0,5.2,217,2015
217,Almost Famous,9.0,6.8,218,2000
218,Cold War,9.0,7.9,219,2018
219,Big Men,9.0,7.4,220,2014
220,American Splendor,9.0,7.9,221,2003
221,Hannah and Her Sisters,9.0,8.1,222,1986
222,The Circus,9.0,8.4,223,1929
223,The Tale,9.0,7.2,224,2018
224,Goodfellas,9.0,8.9,225,1990
225,Gosford Park,9.0,7.3,226,2001
226,Dirty Harry,9.0,8.2,227,1971
227,The Fits,9.0,6.7,228,2016
228,Mad Max: Fury Road,9.0,8.6,229,2015
229,United 93,9.0,7.6,230,2006
230,Capturing the Friedmans,9.0,7.9,231,2003
231,The Truman Show,9.0,6.9,232,1998
232,American Hustle,9.0,7.3,233,2013
233,Paterson,9.0,7.9,234,2016
234,Star Wars: Episode IV - A New Hope,9.0,8.8,235,1977
235,Persepolis,9.0,8.7,236,2007
236,First Cow,9.0,7.4,237,2020
237,The Age of Innocence,9.0,7.9,238,1993
238,Minding the Gap,9.0,8.3,239,2018
239,The Best of Youth,8.900000000000002,8.8,240,2005
240,The Overnighters,8.900000000000002,7.5,241,2014
241,The Lives of Others,8.900000000000002,8.9,242,2006
243,House of Flying Daggers,8.900000000000002,9.1,244,2004
246,Lost in Translation,8.900000000000002,7.5,247,2003
247,Searching for Bobby Fischer,8.900000000000002,9.0,248,1993
248,Assault on Precinct 13,8.900000000000002,7.6,249,1976
249,Man on Wire,8.900000000000002,8.3,250,2008
250,For Sama,8.900000000000002,7.4,251,2019
251,Howards End,8.900000000000002,8.5,252,1992
253,Still Walking,8.900000000000002,8.7,254,2009
254,Gangs of Wasseypur,8.900000000000002,8.5,255,2015
255,The Last Detail,8.900000000000002,7.8,256,1973
256,Borat: Cultural Learnings of America for Make Benefit Glorious Nation of Kazakhstan,8.900000000000002,7.3,257,2006
257,Barry Lyndon,8.900000000000002,8.9,258,1975
258,The Farewell,8.900000000000002,8.3,259,2019
259,Elle,8.900000000000002,7.2,260,2016
260,The Tale of The Princess Kaguya,8.900000000000002,8.6,261,2014
261,Uncertain,8.900000000000002,8.5,262,2017
262,"Two Days, One Night",8.900000000000002,8.5,263,2014
264,Eighth Grade,8.900000000000002,7.9,265,2018
265,A Star Is Born,8.900000000000002,8.4,266,1954
266,No End in Sight,8.900000000000002,8.2,267,2007
267,It's a Wonderful Life,8.900000000000002,9.2,268,1947
268,The Madness of King George,8.900000000000002,7.8,269,1994
269,Phoenix,8.900000000000002,7.8,270,2015
270,Goodbye Solo,8.900000000000002,7.5,271,2009
271,Western,8.900000000000002,7.1,272,2015
272,Stop Making Sense,8.900000000000002,8.7,273,1984
273,Deep Red,8.900000000000002,8.2,274,1976
274,Downhill Racer,8.900000000000002,8.6,275,1969
275,Alien,8.900000000000002,9.0,276,1979
276,Columbus,8.900000000000002,7.3,277,2017
277,Night of the Living Dead,8.900000000000002,8.5,278,1968
278,The Artist,8.900000000000002,8.2,279,2011
280,Raging Bull,8.900000000000002,7.0,281,1980
281,Eternal Sunshine of the Spotless Mind,8.900000000000002,8.9,282,2004
282,The Piano,8.900000000000002,8.0,283,1993
284,Zama,8.900000000000002,7.4,285,2018
285,High Noon,8.900000000000002,8.5,286,1952
286,Rebel Without a Cause,8.900000000000002,7.9,287,1955
287,Letters from Iwo Jima,8.900000000000002,8.2,288,2006
289,A Woman Under the Influence,8.8,9.5,290,1974
290,Once,8.8,8.2,291,2007
291,The Arbor,8.8,7.6,292,2011
292,Long Day's Journey Into Night,8.8,7.0,293,2019
294,The Lion King,8.8,8.8,295,1994
295,4 Little Girls,8.8,8.2,296,1997
297,Ghost World,8.8,8.2,298,2001
299,Y Tu Mamá También,8.8,6.7,300,2002
300,Paddington 2,8.8,8.2,301,2018
301,The Little Mermaid,8.8,7.8,302,1989
302,Capote,8.8,7.8,303,2005
303,The Death of Stalin,8.8,7.5,304,2018
304,Miracle on 34th Street,8.8,8.4,305,1947
305,Strangers on a Train,8.8,8.8,306,1951
306,Tulpan,8.8,6.3,307,2009
307,Manuscripts Don't Burn,8.8,5.7,308,2014
308,In Transit,8.8,4.8,309,2017
309,Whiplash,8.8,8.9,310,2014
310,"Three Billboards Outside Ebbing, Missouri",8.8,7.8,311,2017
312,A Film Unfinished,8.8,7.0,313,2010
313,Things to Come,8.8,6.9,314,2016
314,The Grand Budapest Hotel,8.8,8.5,315,2014
316,Winter Sleep,8.8,8.5,317,2014
317,A Star Is Born,8.8,8.4,318,2018
318,Citizenfour,8.8,7.6,319,2014
319,Time Out,8.8,6.9,320,2002
320,The Blue Angel (re-release),8.8,8.2,321,2001
321,Thelma & Louise,8.8,8.2,322,1991
322,Away from Her,8.8,8.0,323,2007
323,The Fallen Idol (re-release),8.8,7.4,324,2006
324,Blue Is the Warmest Color,8.8,7.8,325,2013
325,Foxtrot,8.8,7.3,326,2017
327,Inside Job,8.8,8.4,328,2010
328,Leave No Trace,8.8,7.5,329,2018
329,Three Colors: White,8.8,8.5,330,1994
330,Chicken Run,8.8,8.2,331,2000
331,The King's Speech,8.8,8.3,332,2010
332,Hell or High Water,8.8,8.1,333,2016
333,Up,8.8,8.8,334,2009
334,Shirkers,8.8,7.5,335,2018
335,45365,8.8,7.4,336,2010
336,Tootsie,8.8,8.0,337,1982
337,Marooned in Iraq,8.8,7.7,338,2003
338,To Kill a Mockingbird,8.8,8.6,339,1962
339,Aquarius,8.8,8.6,340,2016
341,Apollo 11,8.8,8.3,342,2019
342,Anomalisa,8.8,7.5,343,2015
343,Toy Story 2,8.8,8.8,344,1999
344,Black Panther,8.8,6.4,345,2018
345,Brooklyn,8.8,8.0,346,2015
346,Nobody Knows,8.8,8.6,347,2005
347,Life Is Sweet,8.8,7.0,348,1991
349,Mary Poppins,8.8,8.2,350,1964
350,The Lord of the Rings: The Two Towers,8.7,9.0,351,2002
351,L'Enfant (The Child),8.7,8.6,352,2006
352,Sweet Country,8.7,7.6,353,2018
353,Jane Fonda in Five Acts,8.7,5.8,354,2018
354,Newtown,8.7,8.3,355,2016
355,Poetry,8.7,7.9,356,2011
356,Restless Creature: Wendy Whelan,8.7,4.0,357,2017
357,Birdman or (The Unexpected Virtue of Ignorance),8.7,8.2,358,2014
358,Little Women,8.7,7.6,359,1994
359,Shakespeare in Love,8.7,7.1,360,1998
360,Can You Ever Forgive Me?,8.7,7.5,361,2018
361,It Happened One Night,8.7,8.1,362,1934
364,The Missing Picture,8.7,7.5,365,2013
365,"I Travel Because I Have to, I Come Back Because I Love You",8.7,7.6,366,2011
367,Of Men and War,8.7,8.3,368,2015
368,The Long Goodbye,8.7,7.8,369,1973
369,Pain and Glory,8.7,7.9,370,2019
371,The Farthest,8.7,6.7,372,2017
372,Gomorrah,8.7,7.2,373,2009
373,To Be and to Have,8.7,7.7,374,2003
374,Halloween,8.7,8.8,375,1978
375,Eraserhead,8.7,8.0,376,1978
378,Fire at Sea,8.7,6.8,379,2016
379,The Fugitive,8.7,8.8,380,1993
380,About Elly (2009),8.7,8.7,381,2015
381,The Bridge on the River Kwai,8.7,8.5,382,1957
382,Goldfinger,8.7,8.4,383,1965
383,One False Move,8.7,7.6,384,1992
385,Jane,8.7,8.3,386,2017
386,Jaws,8.7,8.7,387,1975
387,We Are the Best!,8.7,7.6,388,2014
388,Spartacus,8.7,8.3,389,1960
389,Back to the Future,8.7,9.0,390,1985
390,If Beale Street Could Talk,8.7,7.1,391,2018
392,Wallace & Gromit: The Curse of the Were-Rabbit,8.7,8.2,393,2005
393,The Diary of a Teenage Girl,8.7,6.5,394,2015
394,Elena,8.7,7.3,395,2012
395,All Is Lost,8.7,6.6,396,2013
396,Hereditary,8.7,7.2,397,2018
397,Listen to Me Marlon,8.7,8.4,398,2015
398,Gideon's Army,8.7,8.5,399,2013
399,Serpico (re-release),8.7,8.6,400,2004
400,Maria Full of Grace,8.7,2.4,401,2004
401,Fateless,8.7,7.6,402,2006
402,Happy as Lazzaro,8.7,7.8,403,2018
403,The Fog of War: Eleven Lessons from the Life of Robert S. McNamara,8.7,8.6,404,2003
404,Uncle Boonmee Who Can Recall His Past Lives,8.7,7.2,405,2011
405,Brokeback Mountain,8.7,8.3,406,2005
406,Cemetery of Splendor,8.7,6.7,407,2016
407,The Kid with a Bike,8.7,7.5,408,2012
409,Spider-Man: Into the Spider-Verse,8.7,8.7,410,2018
410,The Wicker Man,8.7,7.7,411,1974
411,Love & Friendship,8.7,6.9,412,2016
412,Particle Fever,8.7,8.1,413,2014
413,Tarnation,8.7,7.1,414,2004
414,Murderball,8.7,8.4,415,2005
415,Life Itself,8.7,8.3,416,2014
416,The Shape of Water,8.7,7.0,417,2017
418,Shine,8.7,8.3,419,1996
419,Bisbee '17,8.7,5.2,420,2018
420,Grizzly Man,8.7,7.2,421,2005
421,Gregory Crewdson: Brief Encounters,8.7,6.7,422,2012
422,Moneyball,8.7,8.0,423,2011
424,All About My Mother,8.7,8.5,425,1999
425,The English Patient,8.7,7.4,426,1996
426,The Duke of Burgundy,8.7,6.9,427,2015
427,My Golden Days,8.7,6.8,428,2016
428,Nebraska,8.7,8.0,429,2013
429,Force Majeure,8.7,7.6,430,2014
430,Blow Out,8.599999999999998,8.1,431,1981
431,Diane,8.599999999999998,7.3,432,2019
433,Russian Ark,8.599999999999998,7.7,434,2002
434,Lincoln,8.599999999999998,7.5,435,2012
435,The Wolf House,8.599999999999998,8.2,436,2020
436,An Elephant Sitting Still,8.599999999999998,8.8,437,2019
437,Room,8.599999999999998,8.3,438,2015
438,The Tillman Story,8.599999999999998,7.3,439,2010
439,The Wind Will Carry Us,8.599999999999998,7.6,440,2000
440,"sex, lies, and videotape",8.599999999999998,7.8,441,1989
441,Dog Day Afternoon,8.599999999999998,8.7,442,1975
442,To Be or Not to Be,8.599999999999998,8.0,443,1942
443,Like Water for Chocolate,8.599999999999998,7.7,444,1993
444,Ordinary People,8.599999999999998,6.5,445,1980
445,Stand Clear of the Closing Doors,8.599999999999998,6.8,446,2014
446,Dreamcatcher,8.599999999999998,6.1,447,2015
447,To Die For,8.599999999999998,8.8,448,1995
448,The Deer Hunter,8.599999999999998,7.6,449,1978
449,Million Dollar Baby,8.599999999999998,7.5,450,2004
450,42: Forty Two Up,8.599999999999998,8.7,451,1999
451,The Straight Story,8.599999999999998,8.3,452,1999
452,Krisha,8.599999999999998,8.1,453,2016
453,Dawson City: Frozen Time,8.599999999999998,6.1,454,2017
455,Rebecca,8.599999999999998,8.5,456,1940
456,Cameraperson,8.599999999999998,7.0,457,2016
457,The Babadook,8.599999999999998,8.3,458,2014
458,Last Days in Vietnam,8.599999999999998,7.8,459,2014
459,Little Men,8.599999999999998,7.7,460,2016
460,The Kids Are All Right,8.599999999999998,7.2,461,2010
461,Boys Don't Cry,8.599999999999998,7.6,462,1999
462,Dead Ringers,8.599999999999998,5.2,463,1988
463,The Great Escape,8.599999999999998,8.7,464,1963
464,Manakamana,8.599999999999998,4.9,465,2014
465,Mission: Impossible – Fallout,8.599999999999998,8.2,466,2018
466,Rushmore,8.599999999999998,8.7,467,1998
467,Cave of Forgotten Dreams,8.599999999999998,6.8,468,2011
468,My Neighbor Totoro,8.599999999999998,8.8,469,1988
469,King of the Hill,8.599999999999998,8.3,470,1993
470,The Red Turtle,8.599999999999998,7.8,471,2017
472,Tangerine,8.599999999999998,7.4,473,2015
473,My Happy Family,8.599999999999998,6.4,474,2017
474,Chasing Coral,8.599999999999998,6.8,475,2017
475,How to Survive a Plague,8.599999999999998,8.1,476,2012
476,Loveless,8.599999999999998,8.1,477,2017
477,Ten,8.599999999999998,8.2,478,2003
478,I'm Going Home,8.599999999999998,7.3,479,2002
479,In the Bedroom,8.599999999999998,7.5,480,2001
480,A Fantastic Woman,8.599999999999998,6.9,481,2017
481,Barbara,8.599999999999998,7.1,482,2012
482,Of Gods and Men,8.599999999999998,6.9,483,2011
483,Rolling Thunder Revue: A Bob Dylan Story by Martin Scorsese,8.599999999999998,8.1,484,2019
484,One Cut of the Dead,8.599999999999998,8.2,485,2019
485,Museo,8.599999999999998,7.5,486,2018
486,Nobody's Fool,8.599999999999998,8.4,487,1995
487,Stranger Than Paradise,8.599999999999998,7.5,488,1984
488,Bonnie and Clyde,8.599999999999998,8.4,489,1967
490,The Beaches of Agnès,8.599999999999998,7.0,491,2009
491,Das Boot,8.599999999999998,6.9,492,1982
492,West Side Story,8.599999999999998,8.1,493,1961
493,Deliver Us from Evil,8.599999999999998,8.1,494,2006
494,Maidan,8.599999999999998,6.0,495,2014
495,Drug War,8.599999999999998,7.1,496,2013
496,The Great Beauty,8.599999999999998,8.0,497,2013
497,The Odd Couple,8.599999999999998,8.7,498,1968
498,Black Mother,8.599999999999998,3.2,499,2019
499,The Big Sick,8.599999999999998,7.0,500,2017
500,Argo,8.599999999999998,7.7,501,2012
501,Our Daily Bread,8.599999999999998,7.8,502,2006
502,The Umbrellas of Cherbourg (re-released),8.599999999999998,7.9,503,2004
503,Talk to Her,8.599999999999998,8.2,504,2002
504,Under the Sand,8.599999999999998,7.5,505,2001
505,Traffic,8.599999999999998,8.9,506,2000
506,The Grifters,8.599999999999998,8.8,507,1990
507,The Master,8.599999999999998,7.3,508,2012
508,The Death of Mr. Lazarescu,8.599999999999998,8.1,509,2006
509,The Wild Pear Tree,8.599999999999998,7.5,510,2019
510,Nausicaä of the Valley of the Wind,8.599999999999998,8.5,511,1985
511,Aladdin,8.599999999999998,8.7,512,1992
512,Los Angeles Plays Itself,8.599999999999998,8.2,513,2004
513,This Is England,8.599999999999998,7.8,514,2007
514,City of Ghosts,8.599999999999998,6.4,515,2017
515,Springtime in a Small Town,8.599999999999998,7.5,516,2004
516,Sweet Sixteen,8.599999999999998,8.4,517,2003
517,The Son,8.599999999999998,8.0,518,2003
518,The Player,8.599999999999998,8.0,519,1992
519,Ponyo,8.599999999999998,7.7,520,2009
520,Strong Island,8.599999999999998,6.1,521,2017
521,The Interrupters,8.599999999999998,6.8,522,2011
522,Ernest & Célestine,8.599999999999998,7.7,523,2014
523,American Factory,8.599999999999998,7.5,524,2019
525,Only Angels Have Wings,8.599999999999998,7.0,526,1939
526,Baby Driver,8.599999999999998,7.8,527,2017
527,Let the Fire Burn,8.599999999999998,7.4,528,2013
528,Last Train Home,8.599999999999998,7.9,529,2010
529,Crip Camp: A Disability Revolution,8.599999999999998,6.5,530,2020
530,Andy Warhol: A Documentary Film,8.599999999999998,8.3,531,2006
531,Persona,8.599999999999998,7.5,532,1967
532,Beasts of the Southern Wild,8.599999999999998,7.5,533,2012
533,The Double Life of Veronique,8.599999999999998,8.4,534,1991
534,Flight of the Red Balloon,8.599999999999998,5.7,535,2008
535,Honeyland,8.599999999999998,8.9,536,2019
536,Say Anything...,8.499999999999998,8.3,537,1989
538,Before Night Falls,8.499999999999998,6.8,539,2000
539,Five Easy Pieces,8.499999999999998,8.0,540,1970
540,From Here to Eternity,8.499999999999998,7.9,541,1953
541,The Bourne Ultimatum,8.499999999999998,7.6,542,2007
542,Raiders of the Lost Ark,8.499999999999998,8.9,543,1981
543,Harry Potter and the Deathly Hallows: Part 2,8.499999999999998,8.2,544,2011
544,Tea with the Dames,8.499999999999998,7.4,545,2018
545,Take Shelter,8.499999999999998,7.8,546,2011
546,The Salesman,8.499999999999998,7.5,547,2017
547,The Pianist,8.499999999999998,7.9,548,2002
548,Children Underground,8.499999999999998,8.7,549,2001
549,You Can Count on Me,8.499999999999998,8.5,550,2000
550,Boogie Nights,8.499999999999998,4.5,551,1997
551,City of Life and Death,8.499999999999998,7.7,552,2011
552,Song of the Sea,8.499999999999998,8.3,553,2014
553,Amy,8.499999999999998,8.3,554,2015
554,The Edge of Heaven,8.499999999999998,8.6,555,2008
555,The Savages,8.499999999999998,7.5,556,2007
556,Birds of Passage,8.499999999999998,7.6,557,2019
557,Ilo Ilo,8.499999999999998,7.8,558,2014
558,First Reformed,8.499999999999998,7.4,559,2018
559,Lebanon,8.499999999999998,6.4,560,2010
560,The Treasure,8.499999999999998,7.0,561,2016
562,Atlantics,8.499999999999998,6.2,563,2019
564,Night Will Fall,8.499999999999998,7.8,565,2014
565,The Endurance,8.499999999999998,8.5,566,2001
566,Exit Through the Gift Shop,8.499999999999998,8.1,567,2010
567,Girlhood,8.499999999999998,7.2,568,2015
568,In the Mood for Love,8.499999999999998,7.7,569,2001
570,Offside,8.499999999999998,7.9,571,2007
571,The Ornithologist,8.499999999999998,5.8,572,2017
572,El Dorado,8.499999999999998,7.0,573,1967
573,Sleeping Beauty,8.499999999999998,8.0,574,1959
576,Easy Rider,8.499999999999998,7.6,577,1969
577,Knocked Up,8.499999999999998,6.7,578,2007
578,"Distant Voices, Still Lives",8.499999999999998,8.0,579,1988
579,Turtles Can Fly,8.499999999999998,8.7,580,2005
580,The Departed,8.499999999999998,7.3,581,2006
581,April and the Extraordinary World,8.499999999999998,7.5,582,2016
582,Festival Express,8.499999999999998,6.2,583,2004
583,"Spring, Summer, Fall, Winter... and Spring",8.499999999999998,8.4,584,2004
584,An Education,8.499999999999998,7.8,585,2009
585,Varda by Agnès,8.499999999999998,7.0,586,2019
586,Tinker Tailor Soldier Spy,8.499999999999998,6.6,587,2011
587,Harakiri,8.499999999999998,8.9,588,1964
588,Ash Is Purest White,8.499999999999998,6.7,589,2019
589,Half Nelson,8.499999999999998,7.8,590,2006
590,Vincere,8.499999999999998,7.0,591,2010
592,Fargo,8.499999999999998,8.7,593,1996
593,Street Fight,8.499999999999998,7.5,594,2006
594,Unforgiven,8.499999999999998,8.3,595,1992
596,Get Out,8.499999999999998,7.4,597,2017
598,About Schmidt,8.499999999999998,7.5,599,2002
600,Hero,8.499999999999998,9.1,601,2004
601,"Hale County This Morning, This Evening",8.499999999999998,6.1,602,2018
602,Neil Young: Heart of Gold,8.499999999999998,8.5,603,2006
603,Mudbound,8.499999999999998,6.6,604,2017
604,My Life as a Zucchini,8.499999999999998,8.3,605,2017
605,The Silence of the Lambs,8.499999999999998,8.9,606,1991
606,Hedwig and the Angry Inch,8.499999999999998,8.4,607,2001
607,The Last Seduction,8.499999999999998,8.4,608,1994
608,The Conversation,8.499999999999998,8.5,609,1974
609,God's Own Country,8.499999999999998,8.3,610,2017
610,Kaili Blues,8.499999999999998,7.4,611,2016
611,The Intruder,8.499999999999998,4.8,612,2005
612,Mulholland Dr.,8.499999999999998,7.0,613,2001
613,Forbidden Lie$,8.499999999999998,8.0,614,2009
614,Behemoth,8.499999999999998,5.7,615,2017
615,The Sun,8.499999999999998,6.8,616,2009
616,The Past,8.499999999999998,8.3,617,2013
617,One Child Nation,8.499999999999998,8.2,618,2019
618,Cinderella,8.499999999999998,7.6,619,1950
619,24 Hour Party People,8.499999999999998,8.9,620,2002
620,Atonement,8.499999999999998,7.9,621,2007
621,The Tree of Life,8.499999999999998,7.0,622,2011
622,Alexandra,8.499999999999998,7.3,623,2008
624,The Host,8.499999999999998,6.8,625,2007
627,Restrepo,8.499999999999998,7.6,628,2010
628,Summer Hours,8.499999999999998,7.1,629,2009
629,Grisbi (re-release),8.499999999999998,8.5,630,2003
630,Out of Sight,8.499999999999998,8.5,631,1998
631,Women on the Verge of a Nervous Breakdown,8.499999999999998,8.2,632,1988
632,Support the Girls,8.499999999999998,6.8,633,2018
633,The Iron Giant,8.499999999999998,8.8,634,1999
634,Won't You Be My Neighbor?,8.499999999999998,8.5,635,2018
635,Passing Strange,8.499999999999998,7.7,636,2009
636,Meek's Cutoff,8.499999999999998,6.2,637,2011
637,Three Colors: Blue,8.499999999999998,9.0,638,1993
638,The Long Day Closes,8.499999999999998,6.3,639,1993
639,Fruitvale Station,8.499999999999998,7.9,640,2013
640,Carrie,8.499999999999998,8.3,641,1976
642,Since Otar Left,8.499999999999998,7.7,643,2004
643,The Circle,8.499999999999998,6.3,644,2001
644,Sound and Fury,8.499999999999998,7.0,645,2000
645,Paragraph 175,8.499999999999998,7.8,646,2000
647,Slumdog Millionaire,8.4,7.8,648,2008
648,Holy Motors,8.4,7.6,649,2012
649,The Work,8.4,7.1,650,2017
650,Sling Blade,8.4,8.4,651,1996
651,A Christmas Tale,8.4,7.0,652,2008
652,An American in Paris,8.4,5.5,653,1951
654,Brazil,8.4,8.8,655,1985
655,In the Shadow of the Moon,8.4,8.1,656,2007
656,The Big Risk,8.4,7.3,657,2005
657,Children of Men,8.4,8.5,658,2006
658,Revanche,8.4,8.1,659,2009
659,The Man Without a Past,8.4,7.4,660,2003
660,American Movie,8.4,8.2,661,1999
661,After the Storm,8.4,8.1,662,2017
662,Moonrise Kingdom,8.4,8.1,663,2012
663,BPM (Beats Per Minute),8.4,8.2,664,2017
664,Calle 54,8.4,4.0,665,2000
665,Horse Money,8.4,5.2,666,2015
666,Up the Yangtze,8.4,7.7,667,2008
667,Star Wars: Episode VIII - The Last Jedi,8.4,4.3,668,2017
669,McQueen,8.4,7.4,670,2018
670,The Black Stallion,8.4,8.4,671,1979
671,Booksmart,8.4,4.7,672,2019
673,From Russia with Love,8.4,7.9,674,1964
674,The Handmaiden,8.4,8.6,675,2016
675,Lantana,8.4,8.3,676,2001
676,Séraphine,8.4,7.7,677,2009
677,49 Up,8.4,8.6,678,2006
678,Naked,8.4,8.6,679,1993
679,The Joy Luck Club,8.4,8.5,680,1993
680,Broadcast News,8.4,7.6,681,1987
682,Synonyms,8.4,5.8,683,2019
683,American Beauty,8.4,9.0,684,1999
684,Beanpole,8.4,6.5,685,2020
685,Harmonium,8.4,7.3,686,2017
686,Blade Runner,8.4,8.7,687,1982
688,Milk,8.4,7.6,689,2008
689,Fireworks Wednesday (2006),8.4,8.2,690,2016
690,Heart of a Dog,8.4,5.1,691,2015
691,Distant,8.4,8.6,692,2004
692,Far From Heaven,8.4,8.2,693,2002
693,Lagaan: Once Upon a Time in India,8.4,8.2,694,2002
694,No Man's Land,8.4,7.9,695,2001
695,The Remains of the Day,8.4,8.4,696,1993
697,All the President's Men,8.4,8.3,698,1976
698,Aferim!,8.4,7.7,699,2016
699,War Witch,8.4,7.4,700,2013
700,2001: A Space Odyssey,8.4,8.1,701,1968
701,Toy Story 4,8.4,8.0,702,2019
702,Darwin's Nightmare,8.4,7.5,703,2005
703,Aliens,8.4,9.0,704,1986
704,My Winnipeg,8.4,7.0,705,2008
706,Mystic River,8.4,7.1,707,2003
708,"Oslo, August 31st",8.4,7.8,709,2012
709,The Vast of Night,8.4,6.6,710,2020
710,Looper,8.4,8.2,711,2012
711,Graduation,8.4,7.3,712,2017
712,Kubo and the Two Strings,8.4,8.1,713,2016
713,The Other Side of Hope,8.4,7.0,714,2017
714,Momma's Man,8.4,5.0,715,2008
715,Old Joy,8.4,5.9,716,2006
716,Kings & Queen,8.4,8.0,717,2005
717,You Were Never Really Here,8.4,7.3,718,2018
718,In the Name of the Father,8.4,8.1,719,1993
719,Ballast,8.4,8.0,720,2008
720,Volver,8.4,8.5,721,2006
721,The Square,8.4,7.9,722,2013
722,Widows,8.4,6.9,723,2018
723,Love After Love,8.4,6.3,724,2018
724,The Dark Knight,8.4,9.0,725,2008
725,A Ghost Story,8.4,7.0,726,2017
728,Museum Hours,8.4,6.8,729,2013
730,The Bad News Bears,8.4,8.6,731,1976
731,The Insider,8.4,8.7,732,1999
732,The Descendants,8.4,7.7,733,2011
733,First Man,8.4,7.4,734,2018
734,The Terminator,8.4,7.5,735,1984
736,Before the Devil Knows You're Dead,8.4,8.3,737,2007
737,Snowpiercer,8.4,7.2,738,2014
738,Happy-Go-Lucky,8.4,8.0,739,2008
739,Lassie,8.4,7.1,740,2006
740,Shrek,8.4,8.8,741,2001
741,Under the Shadow,8.4,7.6,742,2016
743,Dave Chappelle's Block Party,8.4,7.4,744,2006
744,Victor Victoria,8.4,8.3,745,1982
745,The Quiet American,8.4,8.7,746,2002
746,The Pinochet Case,8.4,8.1,747,2002
747,The Day I Became a Woman,8.4,6.2,748,2001
748,Sense and Sensibility,8.4,8.3,749,1995
749,Weiner,8.4,7.3,750,2016
750,Stalag 17,8.4,7.5,751,1953
751,Iraq in Fragments,8.4,6.7,752,2006
753,The Cove,8.4,8.2,754,2009
754,Rocco and His Brothers (re-release),8.4,7.8,755,2002
755,Mutual Appreciation,8.4,6.1,756,2006
757,Stray Dogs,8.4,6.1,758,2014
758,13 Assassins,8.4,8.0,759,2011
759,Dracula: Pages from a Virgin's Diary,8.4,5.8,760,2003
760,Together,8.4,7.8,761,2001
762,Guy and Madeline on a Park Bench,8.3,6.1,763,2010
763,Crazy Heart,8.3,7.5,764,2009
764,The Fool,8.3,8.2,765,2015
765,Everybody Wants Some!!,8.3,7.0,766,2016
766,De Palma,8.3,7.8,767,2016
767,A Little Princess,8.3,7.5,768,1995
768,The Last Black Man in San Francisco,8.3,7.4,769,2019
769,Custody,8.3,7.4,770,2018
770,Adaptation.,8.3,8.1,771,2002
771,Fighter,8.3,8.5,772,2001
773,Avatar,8.3,7.5,774,2009
774,The Forbidden Room,8.3,8.0,775,2015
776,Network,8.3,8.7,777,1976
777,The Secret of the Grain,8.3,7.4,778,2008
778,Trainspotting,8.3,8.7,779,1996
779,Welcome to the Dollhouse,8.3,8.1,780,1996
780,The Graduate,8.3,7.4,781,1967
781,Fantastic Mr. Fox,8.3,8.3,782,2009
782,In the Loop,8.3,7.9,783,2009
783,Bus 174,8.3,7.5,784,2003
784,Osama,8.3,6.3,785,2004
785,Amores Perros,8.3,5.2,786,2001
786,The Gleaners & I,8.3,9.2,787,2001
787,The Salt of the Earth,8.3,8.3,788,2015
788,Glory,8.3,7.0,789,2017
789,Rat Film,8.3,5.3,790,2017
790,A Serious Man,8.3,6.7,791,2009
792,One Flew Over the Cuckoo's Nest,8.3,8.8,793,1975
793,Office,8.3,6.0,794,2015
794,Being There,8.3,7.8,795,1979
795,Chop Shop,8.3,7.6,796,2008
796,Kiki's Delivery Service,8.3,8.6,797,1989
797,Once Upon a Time ... in Hollywood,8.3,7.5,798,2019
798,Raising Victor Vargas,8.3,6.3,799,2003
799,Who Framed Roger Rabbit,8.3,8.8,800,1988
801,The Cave,8.3,7.0,802,2019
802,'71,8.3,7.5,803,2015
803,The Guilty,8.3,8.0,804,2018
804,Blackfish,8.3,8.2,805,2013
805,The Witch,8.3,7.3,806,2016
806,Juliet of the Spirits (re-release),8.3,7.4,807,2001
808,Corpse Bride,8.3,7.9,809,2005
809,Saint Frances,8.3,6.7,810,2020
810,Project Nim,8.3,7.5,811,2011
811,The Wind Rises,8.3,8.3,812,2013
813,The Lighthouse,8.3,8.0,814,2019
814,Spider-Man 2,8.3,8.6,815,2004
815,20 Feet from Stardom,8.3,7.3,816,2013
816,When We Were Kings,8.3,8.9,817,1996
817,Kurt Cobain: Montage of Heck,8.3,7.8,818,2015
818,20th Century Women,8.3,7.3,819,2016
820,Paranoid Park,8.3,6.6,821,2008
821,Pina,8.3,7.2,822,2011
822,Animal Kingdom,8.3,7.8,823,2010
824,Rosie,8.3,5.4,825,2019
825,A Room with a View,8.3,8.2,826,1986
826,Hugo,8.3,7.7,827,2011
827,The LEGO Movie,8.3,8.3,828,2014
828,Gloria,8.3,7.1,829,2014
830,Ixcanul,8.3,8.3,831,2016
831,The Selfish Giant,8.3,7.8,832,2013
832,The Day He Arrives,8.3,7.3,833,2012
833,Hadewijch,8.3,5.5,834,2010
834,Taxidermia,8.3,7.5,835,2009
835,Drag Me to Hell,8.3,8.0,836,2009
836,The King of Kong: A Fistful of Quarters,8.3,8.7,837,2007
837,Spider,8.3,7.2,838,2002
838,Moonstruck,8.3,8.4,839,1987
839,Manhattan,8.3,8.2,840,1979
840,Seymour: An Introduction,8.3,8.7,841,2015
841,56 Up,8.3,8.4,842,2013
842,Triad Election,8.3,6.9,843,2007
843,Up in the Air,8.3,7.4,844,2009
844,Roll Red Roll,8.3,8.8,845,2019
845,Who We Are Now,8.3,5.3,846,2018
846,Burning Bush,8.3,7.4,847,2014
847,Enter the Dragon,8.3,7.9,848,1973
848,Cutie and the Boxer,8.3,7.7,849,2013
849,U2 3D,8.3,8.0,850,2008
850,Vera Drake,8.3,7.8,851,2004
851,Kill Bill: Vol. 2,8.3,8.3,852,2004
852,The Apostle,8.3,8.2,853,1997
853,Babe,8.3,7.8,854,1995
854,Hidden,8.3,6.7,855,2005
855,Private Life,8.3,7.7,856,2018
856,BlacKkKlansman,8.3,7.3,857,2018
857,Lake of Fire,8.3,7.1,858,2007
858,Red Army,8.3,7.7,859,2014
859,The Miracle Worker,8.3,9.4,860,1962
860,Porco Rosso,8.3,8.3,861,1992
861,The Post,8.3,7.0,862,2017
863,The Flat,8.3,8.5,864,2012
864,Blind,8.3,7.6,865,2015
865,The Magdalene Sisters,8.3,8.0,866,2003
866,Superman II,8.3,6.7,867,1981
867,Tyson,8.3,8.0,868,2009
868,101 Dalmatians,8.3,8.1,869,1961
869,Henry V,8.3,7.7,870,1989
870,The Sting,8.3,8.4,871,1973
871,Footnote,8.3,6.2,872,2012
872,Being 17,8.3,8.1,873,2016
873,The White Diamond,8.3,7.2,874,2005
874,Free Solo,8.3,8.0,875,2018
875,Trouble the Water,8.3,7.9,876,2008
876,Mustang,8.3,7.8,877,2015
877,James White,8.3,7.0,878,2015
878,It Follows,8.3,7.7,879,2015
879,Driveways,8.3,7.9,880,2020
880,Don't Think Twice,8.3,7.2,881,2016
881,The Happiest Day in the Life of Olli Mäki,8.3,8.8,882,2017
882,Sweeney Todd: The Demon Barber of Fleet Street,8.3,7.7,883,2007
883,Charade,8.3,8.5,884,1963
884,Court,8.3,8.5,885,2015
885,13th,8.3,7.8,886,2016
886,"20,000 Days on Earth",8.3,6.6,887,2014
887,The Woman Who Left,8.3,6.5,888,2017
888,Election,8.3,8.9,889,1999
889,Creed,8.2,8.0,890,2015
891,Monsieur Lazhar,8.2,7.6,892,2012
892,Glengarry Glen Ross,8.2,8.1,893,1992
895,Venus,8.2,7.1,896,2006
897,Toni Morrison: The Pieces I Am,8.2,6.8,898,2019
898,Diner,8.2,8.6,899,1982
900,The Second Mother,8.2,8.7,901,2015
901,These Birds Walk,8.2,7.8,902,2013
902,Rivers and Tides: Andy Goldsworthy Working with Time,8.2,7.6,903,2002
904,Ajami,8.2,8.1,905,2010
907,127 Hours,8.2,8.1,908,2010
908,Relaxer,8.2,6.5,909,2019
909,Tell No One,8.2,7.5,910,2008
910,The Illusionist,8.2,7.5,911,2010
911,The Deep Blue Sea,8.2,6.4,912,2012
912,The End of the Tour,8.2,7.5,913,2015
913,Enron: The Smartest Guys in the Room,8.2,8.4,914,2005
914,Transit,8.2,6.5,915,2019
915,Forrest Gump,8.2,7.8,916,1994
918,"Good Bye, Dragon Inn",8.2,5.9,919,2004
919,Safe Conduct,8.2,6.2,920,2002
920,Leaving Las Vegas,8.2,8.9,921,1995
921,Maiden,8.2,7.7,922,2019
922,War for the Planet of the Apes,8.2,8.0,923,2017
923,Duma,8.2,8.5,924,2005
924,We the Animals,8.2,6.2,925,2018
925,The Constant Gardener,8.2,7.0,926,2005
926,Short Term 12,8.2,8.5,927,2013
927,Parenthood,8.2,8.4,928,1989
928,Star Wars: Episode V - The Empire Strikes Back,8.2,9.1,929,1980
930,Sugar,8.2,7.8,931,2009
931,Marwencol,8.2,7.7,932,2010
932,The Wind That Shakes the Barley,8.2,7.9,933,2007
933,Lilya 4-Ever,8.2,8.2,934,2003
934,Face/Off,8.2,8.8,935,1997
935,The Lobster,8.2,7.0,936,2016
936,The Nightmare Before Christmas,8.2,8.5,937,1993
937,Pride & Prejudice,8.2,8.7,938,2005
938,The Squid and the Whale,8.2,7.4,939,2005
939,Winged Migration,8.2,8.7,940,2003
941,School of Rock,8.2,8.4,942,2003
942,Life and Nothing More,8.2,8.2,943,2018
944,Star Trek,8.2,7.9,945,2009
945,A Quiet Place,8.2,7.5,946,2018
946,Frances Ha,8.2,7.8,947,2013
947,The Namesake,8.2,8.0,948,2007
948,A Hijacking,8.2,7.3,949,2013
949,In the Family,8.2,6.6,950,2012
950,Hunger,8.2,7.8,951,2008
951,Cold Comfort Farm,8.2,8.3,952,1996
953,Dear Zachary: A Letter to a Son About His Father,8.2,8.5,954,2008
954,Anvil! The Story of Anvil,8.2,8.3,955,2009
955,The Trip,8.2,6.3,956,2011
956,Harry Potter and the Prisoner of Azkaban,8.2,8.3,957,2004
957,La Promesse (The Promise),8.2,8.5,958,1997
959,Michael Clayton,8.2,7.7,960,2007
960,Downfall,8.2,8.6,961,2005
961,Knives Out,8.2,7.5,962,2019
962,The Spectacular Now,8.2,8.0,963,2013
964,Let the Right One In,8.2,8.7,965,2008
965,Rams,8.2,7.6,966,2016
967,Certified Copy,8.2,7.8,968,2011
970,The Celebration,8.2,7.9,971,1998
971,Broadway Danny Rose,8.2,7.0,972,1984
972,Taxi to the Dark Side,8.2,7.1,973,2008
974,Give Me Liberty,8.2,7.9,975,2019
975,The Love Witch,8.2,6.1,976,2016
976,Marjorie Prime,8.2,7.4,977,2017
977,Sorry We Missed You,8.2,7.1,978,2020
978,Down and Out in Beverly Hills,8.2,7.7,979,1986
979,Steve Jobs,8.2,7.1,980,2015
980,Marley,8.2,8.0,981,2012
981,The White Ribbon,8.2,7.9,982,2009
982,The Agronomist,8.2,8.4,983,2004
983,Touching the Void,8.2,8.6,984,2004
984,Three Kings,8.2,8.7,985,1999
985,Rachel Getting Married,8.2,5.7,986,2008
986,Le Havre,8.2,7.0,987,2011
991,Embrace of the Serpent,8.2,7.8,992,2016
993,Sieranevada,8.2,6.1,994,2017
994,Side by Side,8.2,8.3,995,2012
995,Days of Glory,8.2,7.3,996,2006
996,My Summer of Love,8.2,8.8,997,2005
997,Isle of Dogs,8.2,8.0,998,2018
998,Mountain,8.2,5.3,999,2018
999,Certain Women,8.2,6.0,1000,2016
